{"cameraMode":{"drawMode":0,"name":"Shaded","section":"Shading Mode"},"sceneLighting":false,"audioPlay":false,"sceneViewState":{"m_AlwaysRefresh":false,"showFog":true,"showSkybox":false,"showFlares":true,"showImageEffects":true,"showParticleSystems":true,"showVisualEffectGraphs":true,"m_FxEnabled":true},"in2DMode":false,"pivot":{"x":-3.7506728172302248,"y":-6.440994739532471,"z":3.5439035892486574},"rotation":{"x":0.5873676538467407,"y":-0.01214132085442543,"z":0.008808677084743977,"w":0.8091564774513245},"size":13.797465324401856,"orthographic":false}