{"cameraMode":{"drawMode":0,"name":"Shaded","section":"Shading Mode"},"sceneLighting":true,"audioPlay":false,"sceneViewState":{"m_AlwaysRefresh":false,"showFog":true,"showSkybox":true,"showFlares":true,"showImageEffects":true,"showParticleSystems":true,"showVisualEffectGraphs":true,"m_FxEnabled":true},"in2DMode":false,"pivot":{"x":18.76983642578125,"y":-18.494232177734376,"z":50.975181579589847},"rotation":{"x":0.17301133275032044,"y":0.16461193561553956,"z":-0.029337767511606218,"w":0.9706013798713684},"size":30.35163116455078,"orthographic":false}