{"cameraMode":{"drawMode":0,"name":"Shaded","section":"Shading Mode"},"sceneLighting":true,"audioPlay":false,"sceneViewState":{"m_AlwaysRefresh":false,"showFog":true,"showSkybox":true,"showFlares":true,"showImageEffects":true,"showParticleSystems":true,"showVisualEffectGraphs":true,"m_FxEnabled":true},"in2DMode":false,"pivot":{"x":3.9819815158843996,"y":0.5499999523162842,"z":28.169851303100587},"rotation":{"x":-0.08878842741250992,"y":0.7495261430740356,"z":0.10271385312080383,"w":0.6478985548019409},"size":0.728868842124939,"orthographic":false}