{"cameraMode":{"drawMode":0,"name":"Shaded","section":"Shading Mode"},"sceneLighting":false,"audioPlay":false,"sceneViewState":{"m_AlwaysRefresh":false,"showFog":true,"showSkybox":false,"showFlares":true,"showImageEffects":true,"showParticleSystems":true,"showVisualEffectGraphs":true,"m_FxEnabled":true},"in2DMode":false,"pivot":{"x":-0.4780614972114563,"y":9.71585750579834,"z":-2.568127155303955},"rotation":{"x":0.7144271731376648,"y":-0.009444898925721646,"z":0.009645354002714157,"w":0.699579656124115},"size":0.29439491033554079,"orthographic":false}