{"cameraMode":{"drawMode":0,"name":"Shaded","section":"Shading Mode"},"sceneLighting":false,"audioPlay":false,"sceneViewState":{"m_AlwaysRefresh":false,"showFog":true,"showSkybox":false,"showFlares":true,"showImageEffects":true,"showParticleSystems":true,"showVisualEffectGraphs":true,"m_FxEnabled":true},"in2DMode":false,"pivot":{"x":-0.29607024788856509,"y":1.6329103708267213,"z":-1.0856167078018189},"rotation":{"x":0.24507610499858857,"y":0.07697878777980805,"z":-0.01952512189745903,"w":0.966248631477356},"size":0.32148659229278567,"orthographic":false}