{"cameraMode":{"drawMode":0,"name":"Shaded","section":"Shading Mode"},"sceneLighting":false,"audioPlay":false,"sceneViewState":{"m_AlwaysRefresh":false,"showFog":true,"showSkybox":false,"showFlares":true,"showImageEffects":true,"showParticleSystems":true,"showVisualEffectGraphs":true,"m_FxEnabled":true},"in2DMode":false,"pivot":{"x":3.5202388763427736,"y":0.9460586905479431,"z":-0.8324607014656067},"rotation":{"x":-0.011940638534724713,"y":-0.8112030625343323,"z":0.016542857512831689,"w":-0.5844100117683411},"size":2.8689041137695314,"orthographic":false}