{"cameraMode":{"drawMode":0,"name":"Shaded","section":"Shading Mode"},"sceneLighting":false,"audioPlay":false,"sceneViewState":{"m_AlwaysRefresh":false,"showFog":true,"showSkybox":false,"showFlares":true,"showImageEffects":true,"showParticleSystems":true,"showVisualEffectGraphs":true,"m_FxEnabled":true},"in2DMode":false,"pivot":{"x":-0.5580891966819763,"y":1.6643335819244385,"z":0.2912016808986664},"rotation":{"x":0.015259169042110443,"y":-0.9799017906188965,"z":0.18074294924736024,"w":0.08279991894960404},"size":2.0518178939819338,"orthographic":false}